Time,A,B,C,D,Out
1,1,0.9896,0.0621,1.0524,-0.9902
2,1,0.9585,0.1201,1.0839,-0.9637
3,1,0.9075,0.17,1.0949,-0.9248
4,1,0.8375,0.2083,1.0862,-0.8779
5,1,0.7501,0.2318,1.0591,-0.8273
6,1,0.6471,0.2382,1.0152,-0.777
7,1,0.5305,0.2259,0.9563,-0.7304
8,1,0.4029,0.1941,0.8847,-0.6906
9,1,0.2669,0.143,0.8027,-0.6597
10,1,0.1253,0.0737,0.7131,-0.6394
11,1,-0.0188,-0.012,0.6186,-0.6306
12,1,-0.1626,-0.1113,0.5219,-0.6332
13,1,-0.303,-0.2209,0.4259,-0.6468
14,1,-0.4371,-0.3368,0.3334,-0.6702
15,1,-0.5621,-0.4547,0.2469,-0.7017
16,1,-0.6753,-0.5702,0.169,-0.7392
17,1,-0.7745,-0.6787,0.1018,-0.7805
18,1,-0.8575,-0.7759,0.0473,-0.8232
19,1,-0.9227,-0.8579,0.0071,-0.865
20,1,-0.9686,-0.9212,-0.0175,-0.9037
21,1,-0.9943,-0.9631,-0.0257,-0.9373
22,1,-0.9993,-0.9816,-0.017,-0.9646
23,1,-0.9834,-0.9757,0.0087,-0.9844
24,1,-0.9471,-0.9452,0.0509,-0.9962
25,1,-0.891,-0.891,0.109,-1
26,1,-0.8163,-0.8147,0.1817,-0.9964
27,1,-0.7247,-0.7189,0.2675,-0.9864
28,1,-0.6179,-0.6069,0.3644,-0.9713
29,1,-0.4982,-0.4825,0.4704,-0.9529
30,1,-0.3681,-0.3501,0.5829,-0.933
31,1,-0.2304,-0.2142,0.6994,-0.9136
32,1,-0.0879,-0.0795,0.817,-0.8965
33,1,0.0565,0.0495,0.9328,-0.8833
34,1,0.1997,0.1686,1.044,-0.8754
35,1,0.3387,0.274,1.1478,-0.8737
36,1,0.4707,0.3627,1.2412,-0.8785
37,1,0.5929,0.4322,1.3218,-0.8897
38,1,0.7026,0.481,1.3872,-0.9062
39,1,0.7978,0.5085,1.4352,-0.9267
40,1,0.8763,0.5151,1.4641,-0.949
41,1,0.9365,0.5018,1.4724,-0.9705
42,1,0.9773,0.4708,1.459,-0.9882
43,1,0.9976,0.4248,1.4234,-0.9986
44,1,0.9972,0.3671,1.3653,-0.9982
45,1,0.9759,0.3016,1.2849,-0.9834
46,1,0.9343,0.2324,1.183,-0.9507
47,1,0.8733,0.1636,1.0606,-0.897
48,1,0.794,0.0995,0.9193,-0.8198
49,1,0.6982,0.0438,0.761,-0.7171
50,1,0.5878,0,0.5878,-0.5878
51,1,0.4652,-0.0292,0.4024,-0.4316
52,1,0.3328,-0.0417,0.2075,-0.2492
53,1,0.1935,-0.0363,0.0062,-0.0424
54,1,0.0502,-0.0125,-0.1984,0.186
55,1,-0.0941,0.0291,-0.4031,0.4322
56,1,-0.2365,0.0871,-0.6046,0.6917
57,1,-0.374,0.1592,-0.7997,0.959
58,1,-0.5036,0.2426,-0.9854,1.228
59,1,-0.6228,0.3337,-1.1586,1.4923
60,1,-0.729,0.4285,-1.3168,1.7452
61,1,-0.82,0.5227,-1.4574,1.98
62,1,-0.8938,0.6119,-1.5784,2.1903
63,1,-0.9491,0.6919,-1.6781,2.3699
64,1,-0.9846,0.7586,-1.7551,2.5137
65,1,-0.9995,0.8086,-1.8085,2.6171
66,1,-0.9936,0.8389,-1.8379,2.6769
67,1,-0.967,0.8474,-1.8433,2.6907
68,1,-0.9202,0.8327,-1.8251,2.6577
69,1,-0.8543,0.7943,-1.7841,2.5783
70,1,-0.7705,0.7328,-1.7216,2.4544
71,1,-0.6707,0.6496,-1.6393,2.2889
72,1,-0.5569,0.547,-1.5392,2.0862
73,1,-0.4315,0.4281,-1.4236,1.8516
74,1,-0.297,0.2965,-1.2951,1.5915
75,1,-0.1564,0.1564,-1.1564,1.3129
76,1,-0.0126,0.0125,-1.0106,1.0231
77,1,0.1316,-0.1305,-0.8606,0.73
78,1,0.273,-0.2681,-0.7093,0.4412
79,1,0.4086,-0.3958,-0.5599,0.1641
80,1,0.5358,-0.5096,-0.4152,-0.0944
81,1,0.6518,-0.6061,-0.2779,-0.3281
82,1,0.7543,-0.6825,-0.1506,-0.5319
83,1,0.8409,-0.7369,-0.0354,-0.7016
84,1,0.9101,-0.7684,0.0658,-0.8342
85,1,0.9603,-0.7769,0.1513,-0.9282
86,1,0.9905,-0.7632,0.2199,-0.9831
87,1,1,-0.729,0.271,-1
88,1,0.9887,-0.6768,0.3041,-0.9809
89,1,0.9567,-0.6098,0.3193,-0.9291
90,1,0.9048,-0.5318,0.317,-0.8489
91,1,0.8341,-0.4469,0.2983,-0.7452
92,1,0.7459,-0.3594,0.2642,-0.6235
93,1,0.6423,-0.2735,0.2165,-0.4899
94,1,0.5252,-0.1933,0.1571,-0.3504
95,1,0.3971,-0.1227,0.0881,-0.2109
96,1,0.2608,-0.0649,0.0122,-0.077
97,1,0.1191,-0.0223,-0.0683,0.046
98,1,-0.0251,0.0031,-0.1505,0.1536
99,1,-0.1688,0.0106,-0.2316,0.2422
100,1,-0.309,0,-0.309,0.309
101,1,-0.4428,-0.0278,-0.38,0.3522
102,1,-0.5673,-0.0711,-0.4419,0.3708
103,1,-0.68,-0.1274,-0.4926,0.3652
104,1,-0.7785,-0.1936,-0.5298,0.3362
105,1,-0.8607,-0.266,-0.5517,0.2857
106,1,-0.9251,-0.3405,-0.557,0.2164
107,1,-0.9701,-0.4131,-0.5443,0.1313
108,1,-0.995,-0.4793,-0.5132,0.0339
109,1,-0.999,-0.5353,-0.4632,-0.0721
110,1,-0.9823,-0.5774,-0.3945,-0.1829
111,1,-0.9451,-0.6024,-0.3076,-0.2948
112,1,-0.8881,-0.608,-0.2036,-0.4044
113,1,-0.8127,-0.5924,-0.0837,-0.5087
114,1,-0.7203,-0.555,0.0502,-0.6052
115,1,-0.6129,-0.4959,0.1961,-0.692
116,1,-0.4927,-0.416,0.3516,-0.7676
117,1,-0.3623,-0.3175,0.514,-0.8315
118,1,-0.2243,-0.2029,0.6806,-0.8835
119,1,-0.0816,-0.0759,0.8482,-0.924
120,1,0.0628,0.0597,1.0138,-0.9541
121,1,0.2059,0.1994,1.1744,-0.9751
122,1,0.3446,0.3385,1.3269,-0.9884
123,1,0.4762,0.4725,1.4684,-0.9959
124,1,0.5979,0.5967,1.5959,-0.9992
125,1,0.7071,0.7071,1.7071,-1
126,1,0.8016,0.8,1.7996,-0.9996
127,1,0.8793,0.8724,1.8714,-0.999
128,1,0.9387,0.9221,1.921,-0.9989
129,1,0.9786,0.9478,1.9472,-0.9993
130,1,0.998,0.9492,1.9491,-0.9999
131,1,0.9967,0.9267,1.9264,-0.9998
132,1,0.9745,0.8818,1.8794,-0.9976
133,1,0.9321,0.8168,1.8084,-0.9916
134,1,0.8702,0.7347,1.7145,-0.9798
135,1,0.7902,0.6392,1.5992,-0.9599
136,1,0.6937,0.5345,1.4642,-0.9297
137,1,0.5827,0.4248,1.3117,-0.8869
138,1,0.4596,0.3146,1.1441,-0.8295
139,1,0.3269,0.2084,0.9643,-0.7559
140,1,0.1874,0.1101,0.7752,-0.665
141,1,0.044,0.0236,0.5798,-0.5562
142,1,-0.1004,-0.0483,0.3814,-0.4297
143,1,-0.2426,-0.1033,0.1832,-0.2865
144,1,-0.3798,-0.1398,-0.0117,-0.1282
145,1,-0.509,-0.1573,-0.2,0.0427
146,1,-0.6277,-0.1561,-0.379,0.2229
147,1,-0.7333,-0.1374,-0.5459,0.4085
148,1,-0.8235,-0.1032,-0.6982,0.595
149,1,-0.8966,-0.0563,-0.8339,0.7775
150,1,-0.9511,0,-0.9511,0.9511
151,1,-0.9856,0.0619,-1.0484,1.1103
152,1,-0.9997,0.1253,-1.125,1.2503
153,1,-0.9929,0.186,-1.1803,1.3663
154,1,-0.9654,0.2401,-1.2141,1.4542
155,1,-0.9178,0.2836,-1.2268,1.5104
156,1,-0.851,0.3133,-1.2191,1.5324
157,1,-0.7665,0.3264,-1.1923,1.5186
158,1,-0.666,0.3209,-1.1478,1.4686
159,1,-0.5516,0.2956,-1.0875,1.3831
160,1,-0.4258,0.2503,-1.0136,1.2638
161,1,-0.291,0.1855,-0.9285,1.114
162,1,-0.1502,0.1028,-0.8348,0.9376
163,1,-0.0063,0.0046,-0.7353,0.7398
164,1,0.1378,-0.1062,-0.6327,0.5266
165,1,0.279,-0.2257,-0.53,0.3043
166,1,0.4144,-0.3499,-0.43,0.0801
167,1,0.5411,-0.4742,-0.3352,-0.139
168,1,0.6566,-0.5941,-0.2482,-0.3459
169,1,0.7584,-0.7051,-0.1714,-0.5337
170,1,0.8443,-0.803,-0.1067,-0.6963
171,1,0.9127,-0.884,-0.0559,-0.8281
172,1,0.962,-0.945,-0.0203,-0.9247
173,1,0.9913,-0.9835,-8e-04,-0.9827
174,1,0.9999,-0.9979,0.0019,-0.9998
175,1,0.9877,-0.9877,-0.0123,-0.9754
176,1,0.9549,-0.953,-0.0432,-0.9098
177,1,0.9021,-0.895,-0.09,-0.805
178,1,0.8306,-0.8159,-0.1517,-0.6642
179,1,0.7417,-0.7184,-0.2268,-0.4916
180,1,0.6374,-0.6062,-0.3136,-0.2926
181,1,0.5198,-0.4833,-0.41,-0.0734
182,1,0.3914,-0.3541,-0.5135,0.1593
183,1,0.2548,-0.2233,-0.6215,0.3983
184,1,0.1129,-0.0953,-0.7315,0.6362
185,1,-0.0314,0.0254,-0.8404,0.8658
186,1,-0.175,0.1349,-0.9455,1.0804
187,1,-0.315,0.2296,-1.044,1.2736
188,1,-0.4484,0.3069,-1.1329,1.4399
189,1,-0.5724,0.3649,-1.2099,1.5747
190,1,-0.6845,0.4024,-1.2723,1.6747
191,1,-0.7824,0.4192,-1.3182,1.7374
192,1,-0.8639,0.4162,-1.3457,1.7619
193,1,-0.9274,0.3949,-1.3532,1.7481
194,1,-0.9716,0.3577,-1.3398,1.6974
195,1,-0.9956,0.3076,-1.3046,1.6122
196,1,-0.9987,0.2484,-1.2474,1.4958
197,1,-0.9811,0.1838,-1.1685,1.3523
198,1,-0.943,0.1182,-1.0683,1.1865
199,1,-0.8852,0.0556,-0.948,1.0036
200,1,-0.809,0,-0.809,0.809
201,1,-0.7159,-0.045,-0.6531,0.6082
202,1,-0.6079,-0.0762,-0.4826,0.4064
203,1,-0.4873,-0.0913,-0.2999,0.2086
204,1,-0.3564,-0.0886,-0.1077,0.0191
205,1,-0.2181,-0.0674,0.0909,-0.1583
206,1,-0.0753,-0.0277,0.2928,-0.3205
207,1,0.0691,0.0294,0.4948,-0.4654
208,1,0.212,0.1021,0.6938,-0.5916
209,1,0.3505,0.1878,0.8864,-0.6985
210,1,0.4818,0.2832,1.0695,-0.7864
211,1,0.6029,0.3843,1.2404,-0.856
212,1,0.7115,0.4871,1.3961,-0.909
213,1,0.8053,0.587,1.5343,-0.9472
214,1,0.8823,0.6798,1.6528,-0.973
215,1,0.9409,0.7612,1.7499,-0.9887
216,1,0.9799,0.8273,1.8242,-0.9969
217,1,0.9984,0.8749,1.8747,-0.9998
218,1,0.9961,0.9013,1.901,-0.9996
219,1,0.9731,0.9048,1.9029,-0.9981
220,1,0.9298,0.8843,1.8808,-0.9966
221,1,0.8671,0.8398,1.8357,-0.9958
222,1,0.7863,0.7724,1.7686,-0.9962
223,1,0.6891,0.6837,1.6812,-0.9975
224,1,0.5776,0.5764,1.5756,-0.9992
225,1,0.454,0.454,1.454,-1
226,1,0.3209,0.3203,1.319,-0.9987
227,1,0.1812,0.1798,1.1733,-0.9935
228,1,0.0377,0.037,1.02,-0.983
229,1,-0.1066,-0.1033,0.862,-0.9652
230,1,-0.2487,-0.2365,0.7024,-0.9389
231,1,-0.3856,-0.3585,0.5442,-0.9027
232,1,-0.5144,-0.4655,0.3904,-0.8559
233,1,-0.6326,-0.5543,0.2437,-0.7981
234,1,-0.7375,-0.6227,0.1068,-0.7295
235,1,-0.8271,-0.6691,-0.0181,-0.6511
236,1,-0.8994,-0.693,-0.1289,-0.5641
237,1,-0.953,-0.6947,-0.224,-0.4707
238,1,-0.9867,-0.6754,-0.3021,-0.3733
239,1,-0.9998,-0.6373,-0.3624,-0.2749
240,1,-0.9921,-0.5832,-0.4043,-0.1788
241,1,-0.9637,-0.5164,-0.4279,-0.0885
242,1,-0.9152,-0.4409,-0.4335,-0.0074
243,1,-0.8477,-0.3609,-0.4219,0.061
244,1,-0.7624,-0.2807,-0.3943,0.1136
245,1,-0.6613,-0.2044,-0.3523,0.1479
246,1,-0.5464,-0.1359,-0.2977,0.1618
247,1,-0.4201,-0.0787,-0.2327,0.154
248,1,-0.285,-0.0357,-0.1597,0.124
249,1,-0.144,-0.009,-0.0812,0.0722
250,1,0,0,0,0
251,1,0.144,-0.009,0.0812,-0.0903
252,1,0.285,-0.0357,0.1597,-0.1954
253,1,0.4201,-0.0787,0.2327,-0.3114
254,1,0.5464,-0.1359,0.2977,-0.4336
255,1,0.6613,-0.2044,0.3523,-0.5567
256,1,0.7624,-0.2807,0.3943,-0.675
257,1,0.8477,-0.3609,0.4219,-0.7828
258,1,0.9152,-0.4409,0.4335,-0.8744
259,1,0.9637,-0.5164,0.4279,-0.9443
260,1,0.9921,-0.5832,0.4043,-0.9875
261,1,0.9998,-0.6373,0.3624,-0.9997
262,1,0.9867,-0.6754,0.3021,-0.9776
263,1,0.953,-0.6947,0.224,-0.9187
264,1,0.8994,-0.693,0.1289,-0.8219
265,1,0.8271,-0.6691,0.0181,-0.6872
266,1,0.7375,-0.6227,-0.1068,-0.5159
267,1,0.6326,-0.5543,-0.2437,-0.3106
268,1,0.5144,-0.4655,-0.3904,-0.0751
269,1,0.3856,-0.3585,-0.5442,0.1857
270,1,0.2487,-0.2365,-0.7024,0.4658
271,1,0.1066,-0.1033,-0.862,0.7587
272,1,-0.0377,0.037,-1.02,1.057
273,1,-0.1812,0.1798,-1.1733,1.3531
274,1,-0.3209,0.3203,-1.319,1.6393
275,1,-0.454,0.454,-1.454,1.908
276,1,-0.5776,0.5764,-1.5756,2.152
277,1,-0.6891,0.6837,-1.6812,2.3649
278,1,-0.7863,0.7724,-1.7686,2.5409
279,1,-0.8671,0.8398,-1.8357,2.6755
280,1,-0.9298,0.8843,-1.8808,2.7651
281,1,-0.9731,0.9048,-1.9029,2.8076
282,1,-0.9961,0.9013,-1.901,2.8023
283,1,-0.9984,0.8749,-1.8747,2.7496
284,1,-0.9799,0.8273,-1.8242,2.6515
285,1,-0.9409,0.7612,-1.7499,2.5111
286,1,-0.8823,0.6798,-1.6528,2.3326
287,1,-0.8053,0.587,-1.5343,2.1213
288,1,-0.7115,0.4871,-1.3961,1.8832
289,1,-0.6029,0.3843,-1.2404,1.6247
290,1,-0.4818,0.2832,-1.0695,1.3527
291,1,-0.3505,0.1878,-0.8864,1.0742
292,1,-0.212,0.1021,-0.6938,0.7959
293,1,-0.0691,0.0294,-0.4948,0.5242
294,1,0.0753,-0.0277,-0.2928,0.2651
295,1,0.2181,-0.0674,-0.0909,0.0235
296,1,0.3564,-0.0886,0.1077,-0.1964
297,1,0.4873,-0.0913,0.2999,-0.3912
298,1,0.6079,-0.0762,0.4826,-0.5588
299,1,0.7159,-0.045,0.6531,-0.6981
300,1,0.809,0,0.809,-0.809
301,1,0.8852,0.0556,0.948,-0.8924
302,1,0.943,0.1182,1.0683,-0.9501
303,1,0.9811,0.1838,1.1685,-0.9846
304,1,0.9987,0.2484,1.2474,-0.9991
305,1,0.9956,0.3076,1.3046,-0.9969
306,1,0.9716,0.3577,1.3398,-0.9821
307,1,0.9274,0.3949,1.3532,-0.9583
308,1,0.8639,0.4162,1.3457,-0.9295
309,1,0.7824,0.4192,1.3182,-0.899
310,1,0.6845,0.4024,1.2723,-0.87
311,1,0.5724,0.3649,1.2099,-0.845
312,1,0.4484,0.3069,1.1329,-0.826
313,1,0.315,0.2296,1.044,-0.8143
314,1,0.175,0.1349,0.9455,-0.8107
315,1,0.0314,0.0254,0.8404,-0.815
316,1,-0.1129,-0.0953,0.7315,-0.8268
317,1,-0.2548,-0.2233,0.6215,-0.8448
318,1,-0.3914,-0.3541,0.5135,-0.8676
319,1,-0.5198,-0.4833,0.41,-0.8933
320,1,-0.6374,-0.6062,0.3136,-0.9199
321,1,-0.7417,-0.7184,0.2268,-0.9453
322,1,-0.8306,-0.8159,0.1517,-0.9676
323,1,-0.9021,-0.895,0.09,-0.985
324,1,-0.9549,-0.953,0.0432,-0.9961
325,1,-0.9877,-0.9877,0.0123,-1
326,1,-0.9999,-0.9979,-0.0019,-0.9961
327,1,-0.9913,-0.9835,8e-04,-0.9843
328,1,-0.962,-0.945,0.0203,-0.9652
329,1,-0.9127,-0.884,0.0559,-0.9399
330,1,-0.8443,-0.803,0.1067,-0.9097
331,1,-0.7584,-0.7051,0.1714,-0.8765
332,1,-0.6566,-0.5941,0.2482,-0.8423
333,1,-0.5411,-0.4742,0.3352,-0.8094
334,1,-0.4144,-0.3499,0.43,-0.7798
335,1,-0.279,-0.2257,0.53,-0.7557
336,1,-0.1378,-0.1062,0.6327,-0.7389
337,1,0.0063,0.0046,0.7353,-0.7307
338,1,0.1502,0.1028,0.8348,-0.7319
339,1,0.291,0.1855,0.9285,-0.7429
340,1,0.4258,0.2503,1.0136,-0.7633
341,1,0.5516,0.2956,1.0875,-0.7919
342,1,0.666,0.3209,1.1478,-0.8269
343,1,0.7665,0.3264,1.1923,-0.8659
344,1,0.851,0.3133,1.2191,-0.9058
345,1,0.9178,0.2836,1.2268,-0.9432
346,1,0.9654,0.2401,1.2141,-0.974
347,1,0.9929,0.186,1.1803,-0.9942
348,1,0.9997,0.1253,1.125,-0.9997
349,1,0.9856,0.0619,1.0484,-0.9865
350,1,0.9511,0,0.9511,-0.9511
351,1,0.8966,-0.0563,0.8339,-0.8902
352,1,0.8235,-0.1032,0.6982,-0.8014
353,1,0.7333,-0.1374,0.5459,-0.6833
354,1,0.6277,-0.1561,0.379,-0.5351
355,1,0.509,-0.1573,0.2,-0.3573
356,1,0.3798,-0.1398,0.0117,-0.1515
357,1,0.2426,-0.1033,-0.1832,0.0799
358,1,0.1004,-0.0483,-0.3814,0.333
359,1,-0.044,0.0236,-0.5798,0.6034
360,1,-0.1874,0.1101,-0.7752,0.8853
361,1,-0.3269,0.2084,-0.9643,1.1727
362,1,-0.4596,0.3146,-1.1441,1.4587
363,1,-0.5827,0.4248,-1.3117,1.7364
364,1,-0.6937,0.5345,-1.4642,1.9986
365,1,-0.7902,0.6392,-1.5992,2.2384
366,1,-0.8702,0.7347,-1.7145,2.4492
367,1,-0.9321,0.8168,-1.8084,2.6252
368,1,-0.9745,0.8818,-1.8794,2.7611
369,1,-0.9967,0.9267,-1.9264,2.8531
370,1,-0.998,0.9492,-1.9491,2.8983
371,1,-0.9786,0.9478,-1.9472,2.895
372,1,-0.9387,0.9221,-1.921,2.8431
373,1,-0.8793,0.8724,-1.8714,2.7438
374,1,-0.8016,0.8,-1.7996,2.5996
375,1,-0.7071,0.7071,-1.7071,2.4142
376,1,-0.5979,0.5967,-1.5959,2.1927
377,1,-0.4762,0.4725,-1.4684,1.9408
378,1,-0.3446,0.3385,-1.3269,1.6655
379,1,-0.2059,0.1994,-1.1744,1.3738
380,1,-0.0628,0.0597,-1.0138,1.0736
381,1,0.0816,-0.0759,-0.8482,0.7723
382,1,0.2243,-0.2029,-0.6806,0.4776
383,1,0.3623,-0.3175,-0.514,0.1966
384,1,0.4927,-0.416,-0.3516,-0.0644
385,1,0.6129,-0.4959,-0.1961,-0.2997
386,1,0.7203,-0.555,-0.0502,-0.5048
387,1,0.8127,-0.5924,0.0837,-0.6762
388,1,0.8881,-0.608,0.2036,-0.8116
389,1,0.9451,-0.6024,0.3076,-0.91
390,1,0.9823,-0.5774,0.3945,-0.9719
391,1,0.999,-0.5353,0.4632,-0.9985
392,1,0.995,-0.4793,0.5132,-0.9925
393,1,0.9701,-0.4131,0.5443,-0.9574
394,1,0.9251,-0.3405,0.557,-0.8975
395,1,0.8607,-0.266,0.5517,-0.8177
396,1,0.7785,-0.1936,0.5298,-0.7234
397,1,0.68,-0.1274,0.4926,-0.62
398,1,0.5673,-0.0711,0.4419,-0.513
399,1,0.4428,-0.0278,0.38,-0.4078
400,1,0.309,0,0.309,-0.309
401,1,0.1688,0.0106,0.2316,-0.221
402,1,0.0251,0.0031,0.1505,-0.1473
403,1,-0.1191,-0.0223,0.0683,-0.0906
404,1,-0.2608,-0.0649,-0.0122,-0.0527
405,1,-0.3971,-0.1227,-0.0881,-0.0346
406,1,-0.5252,-0.1933,-0.1571,-0.0363
407,1,-0.6423,-0.2735,-0.2165,-0.057
408,1,-0.7459,-0.3594,-0.2642,-0.0952
409,1,-0.8341,-0.4469,-0.2983,-0.1487
410,1,-0.9048,-0.5318,-0.317,-0.2148
411,1,-0.9567,-0.6098,-0.3193,-0.2905
412,1,-0.9887,-0.6768,-0.3041,-0.3727
413,1,-1,-0.729,-0.271,-0.4579
414,1,-0.9905,-0.7632,-0.2199,-0.5432
415,1,-0.9603,-0.7769,-0.1513,-0.6256
416,1,-0.9101,-0.7684,-0.0658,-0.7026
417,1,-0.8409,-0.7369,0.0354,-0.7723
418,1,-0.7543,-0.6825,0.1506,-0.833
419,1,-0.6518,-0.6061,0.2779,-0.884
420,1,-0.5358,-0.5096,0.4152,-0.9248
421,1,-0.4086,-0.3958,0.5599,-0.9557
422,1,-0.273,-0.2681,0.7093,-0.9775
423,1,-0.1316,-0.1305,0.8606,-0.9911
424,1,0.0126,0.0125,1.0106,-0.9981
425,1,0.1564,0.1564,1.1564,-1
426,1,0.297,0.2965,1.2951,-0.9986
427,1,0.4315,0.4281,1.4236,-0.9955
428,1,0.5569,0.547,1.5392,-0.9922
429,1,0.6707,0.6496,1.6393,-0.9897
430,1,0.7705,0.7328,1.7216,-0.9888
431,1,0.8543,0.7943,1.7841,-0.9898
432,1,0.9202,0.8327,1.8251,-0.9924
433,1,0.967,0.8474,1.8433,-0.9959
434,1,0.9936,0.8389,1.8379,-0.999
435,1,0.9995,0.8086,1.8085,-0.9999
436,1,0.9846,0.7586,1.7551,-0.9965
437,1,0.9491,0.6919,1.6781,-0.9862
438,1,0.8938,0.6119,1.5784,-0.9665
439,1,0.82,0.5227,1.4574,-0.9347
440,1,0.729,0.4285,1.3168,-0.8883
441,1,0.6228,0.3337,1.1586,-0.8249
442,1,0.5036,0.2426,0.9854,-0.7428
443,1,0.374,0.1592,0.7997,-0.6405
444,1,0.2365,0.0871,0.6046,-0.5176
445,1,0.0941,0.0291,0.4031,-0.374
446,1,-0.0502,-0.0125,0.1984,-0.2109
447,1,-0.1935,-0.0363,-0.0062,-0.0301
448,1,-0.3328,-0.0417,-0.2075,0.1658
449,1,-0.4652,-0.0292,-0.4024,0.3732
450,1,-0.5878,0,-0.5878,0.5878
451,1,-0.6982,0.0438,-0.761,0.8048
452,1,-0.794,0.0995,-0.9193,1.0188
453,1,-0.8733,0.1636,-1.0606,1.2243
454,1,-0.9343,0.2324,-1.183,1.4154
455,1,-0.9759,0.3016,-1.2849,1.5865
456,1,-0.9972,0.3671,-1.3653,1.7324
457,1,-0.9976,0.4248,-1.4234,1.8482
458,1,-0.9773,0.4708,-1.459,1.9298
459,1,-0.9365,0.5018,-1.4724,1.9742
460,1,-0.8763,0.5151,-1.4641,1.9792
461,1,-0.7978,0.5085,-1.4352,1.9438
462,1,-0.7026,0.481,-1.3872,1.8682
463,1,-0.5929,0.4322,-1.3218,1.754
464,1,-0.4707,0.3627,-1.2412,1.6039
465,1,-0.3387,0.274,-1.1478,1.4218
466,1,-0.1997,0.1686,-1.044,1.2127
467,1,-0.0565,0.0495,-0.9328,0.9824
468,1,0.0879,-0.0795,-0.817,0.7375
469,1,0.2304,-0.2142,-0.6994,0.4852
470,1,0.3681,-0.3501,-0.5829,0.2328
471,1,0.4982,-0.4825,-0.4704,-0.0121
472,1,0.6179,-0.6069,-0.3644,-0.2425
473,1,0.7247,-0.7189,-0.2675,-0.4515
474,1,0.8163,-0.8147,-0.1817,-0.633
475,1,0.891,-0.891,-0.109,-0.782
476,1,0.9471,-0.9452,-0.0509,-0.8943
477,1,0.9834,-0.9757,-0.0087,-0.967
478,1,0.9993,-0.9816,0.017,-0.9986
479,1,0.9943,-0.9631,0.0257,-0.9888
480,1,0.9686,-0.9212,0.0175,-0.9387
481,1,0.9227,-0.8579,-0.0071,-0.8508
482,1,0.8575,-0.7759,-0.0473,-0.7286
483,1,0.7745,-0.6787,-0.1018,-0.5769
484,1,0.6753,-0.5702,-0.169,-0.4012
485,1,0.5621,-0.4547,-0.2469,-0.2078
486,1,0.4371,-0.3368,-0.3334,-0.0034
487,1,0.303,-0.2209,-0.4259,0.205
488,1,0.1626,-0.1113,-0.5219,0.4106
489,1,0.0188,-0.012,-0.6186,0.6066
490,1,-0.1253,0.0737,-0.7131,0.7868
491,1,-0.2669,0.143,-0.8027,0.9457
492,1,-0.4029,0.1941,-0.8847,1.0788
493,1,-0.5305,0.2259,-0.9563,1.1822
494,1,-0.6471,0.2382,-1.0152,1.2534
495,1,-0.7501,0.2318,-1.0591,1.2909
496,1,-0.8375,0.2083,-1.0862,1.2945
497,1,-0.9075,0.17,-1.0949,1.2649
498,1,-0.9585,0.1201,-1.0839,1.204
499,1,-0.9896,0.0621,-1.0524,1.1145
500,1,-1,0,-1,1
501,1,-0.9896,-0.0621,-0.9268,0.8646
502,1,-0.9585,-0.1201,-0.8332,0.7131
503,1,-0.9075,-0.17,-0.7201,0.5501
504,1,-0.8375,-0.2083,-0.5888,0.3806
505,1,-0.7501,-0.2318,-0.4411,0.2093
506,1,-0.6471,-0.2382,-0.2789,0.0407
507,1,-0.5305,-0.2259,-0.1047,-0.1211
508,1,-0.4029,-0.1941,0.0788,-0.2729
509,1,-0.2669,-0.143,0.2689,-0.4119
510,1,-0.1253,-0.0737,0.4625,-0.5361
511,1,0.0188,0.012,0.6563,-0.6443
512,1,0.1626,0.1113,0.8472,-0.7359
513,1,0.303,0.2209,1.032,-0.8111
514,1,0.4371,0.3368,1.2076,-0.8708
515,1,0.5621,0.4547,1.3711,-0.9164
516,1,0.6753,0.5702,1.5197,-0.9495
517,1,0.7745,0.6787,1.6508,-0.9721
518,1,0.8575,0.7759,1.7624,-0.9864
519,1,0.9227,0.8579,1.8524,-0.9946
520,1,0.9686,0.9212,1.9196,-0.9985
521,1,0.9943,0.9631,1.9629,-0.9998
522,1,0.9993,0.9816,1.9816,-1
523,1,0.9834,0.9757,1.9756,-0.9999
524,1,0.9471,0.9452,1.9451,-0.9999
525,1,0.891,0.891,1.891,-1
526,1,0.8163,0.8147,1.8144,-0.9996
527,1,0.7247,0.7189,1.7168,-0.9978
528,1,0.6179,0.6069,1.6001,-0.9932
529,1,0.4982,0.4825,1.4668,-0.9842
530,1,0.3681,0.3501,1.3192,-0.9691
531,1,0.2304,0.2142,1.1602,-0.946
532,1,0.0879,0.0795,0.9927,-0.9132
533,1,-0.0565,-0.0495,0.8198,-0.8693
534,1,-0.1997,-0.1686,0.6446,-0.8132
535,1,-0.3387,-0.274,0.4703,-0.7443
536,1,-0.4707,-0.3627,0.2998,-0.6625
537,1,-0.5929,-0.4322,0.1361,-0.5683
538,1,-0.7026,-0.481,-0.0181,-0.4629
539,1,-0.7978,-0.5085,-0.1604,-0.3482
540,1,-0.8763,-0.5151,-0.2885,-0.2266
541,1,-0.9365,-0.5018,-0.4007,-0.1011
542,1,-0.9773,-0.4708,-0.4955,0.0247
543,1,-0.9976,-0.4248,-0.5718,0.1471
544,1,-0.9972,-0.3671,-0.629,0.262
545,1,-0.9759,-0.3016,-0.6669,0.3653
546,1,-0.9343,-0.2324,-0.6856,0.4533
547,1,-0.8733,-0.1636,-0.6859,0.5222
548,1,-0.794,-0.0995,-0.6687,0.5691
549,1,-0.6982,-0.0438,-0.6354,0.5915
550,1,-0.5878,0,-0.5878,0.5878
551,1,-0.4652,0.0292,-0.5279,0.5571
552,1,-0.3328,0.0417,-0.4582,0.4999
553,1,-0.1935,0.0363,-0.3809,0.4172
554,1,-0.0502,0.0125,-0.2989,0.3114
555,1,0.0941,-0.0291,-0.2149,0.1858
556,1,0.2365,-0.0871,-0.1316,0.0446
557,1,0.374,-0.1592,-0.0518,-0.1074
558,1,0.5036,-0.2426,0.0219,-0.2645
559,1,0.6228,-0.3337,0.087,-0.4207
560,1,0.729,-0.4285,0.1412,-0.5697
561,1,0.82,-0.5227,0.1825,-0.7052
562,1,0.8938,-0.6119,0.2093,-0.8212
563,1,0.9491,-0.6919,0.2201,-0.912
564,1,0.9846,-0.7586,0.2141,-0.9727
565,1,0.9995,-0.8086,0.1905,-0.9991
566,1,0.9936,-0.8389,0.1493,-0.9882
567,1,0.967,-0.8474,0.0907,-0.9381
568,1,0.9202,-0.8327,0.0154,-0.8481
569,1,0.8543,-0.7943,-0.0755,-0.7188
570,1,0.7705,-0.7328,-0.1805,-0.5523
571,1,0.6707,-0.6496,-0.2979,-0.3517
572,1,0.5569,-0.547,-0.4254,-0.1216
573,1,0.4315,-0.4281,-0.5607,0.1326
574,1,0.297,-0.2965,-0.701,0.4045
575,1,0.1564,-0.1564,-0.8436,0.6871
576,1,0.0126,-0.0125,-0.9855,0.9729
577,1,-0.1316,0.1305,-1.1237,1.2542
578,1,-0.273,0.2681,-1.2552,1.5234
579,1,-0.4086,0.3958,-1.3772,1.773
580,1,-0.5358,0.5096,-1.4869,1.9965
581,1,-0.6518,0.6061,-1.5816,2.1877
582,1,-0.7543,0.6825,-1.6591,2.3415
583,1,-0.8409,0.7369,-1.7173,2.4542
584,1,-0.9101,0.7684,-1.7544,2.5229
585,1,-0.9603,0.7769,-1.7693,2.5462
586,1,-0.9905,0.7632,-1.761,2.5241
587,1,-1,0.729,-1.7289,2.4579
588,1,-0.9887,0.6768,-1.6732,2.35
589,1,-0.9567,0.6098,-1.5941,2.204
590,1,-0.9048,0.5318,-1.4926,2.0245
591,1,-0.8341,0.4469,-1.3699,1.8168
592,1,-0.7459,0.3594,-1.2277,1.5871
593,1,-0.6423,0.2735,-1.068,1.3415
594,1,-0.5252,0.1933,-0.8933,1.0866
595,1,-0.3971,0.1227,-0.7062,0.8289
596,1,-0.2608,0.0649,-0.5095,0.5744
597,1,-0.1191,0.0223,-0.3065,0.3288
598,1,0.0251,-0.0031,-0.1002,0.0971
599,1,0.1688,-0.0106,0.106,-0.1166
600,1,0.309,0,0.309,-0.309
601,1,0.4428,0.0278,0.5055,-0.4777
602,1,0.5673,0.0711,0.6926,-0.6215
603,1,0.68,0.1274,0.8673,-0.7399
604,1,0.7785,0.1936,1.0272,-0.8336
605,1,0.8607,0.266,1.1698,-0.9038
606,1,0.9251,0.3405,1.2932,-0.9527
607,1,0.9701,0.4131,1.3959,-0.9828
608,1,0.995,0.4793,1.4767,-0.9974
609,1,0.999,0.5353,1.5349,-0.9996
610,1,0.9823,0.5774,1.5701,-0.9927
611,1,0.9451,0.6024,1.5825,-0.9801
612,1,0.8881,0.608,1.5727,-0.9647
613,1,0.8127,0.5924,1.5417,-0.9492
614,1,0.7203,0.555,1.4908,-0.9358
615,1,0.6129,0.4959,1.4219,-0.9261
616,1,0.4927,0.416,1.3371,-0.921
617,1,0.3623,0.3175,1.2386,-0.9211
618,1,0.2243,0.2029,1.1291,-0.9262
619,1,0.0816,0.0759,1.0114,-0.9355
620,1,-0.0628,-0.0597,0.8883,-0.948
621,1,-0.2059,-0.1994,0.7627,-0.9621
622,1,-0.3446,-0.3385,0.6376,-0.9762
623,1,-0.4762,-0.4725,0.5159,-0.9884
624,1,-0.5979,-0.5967,0.4001,-0.9968
625,1,-0.7071,-0.7071,0.2929,-1
626,1,-0.8016,-0.8,0.1965,-0.9964
627,1,-0.8793,-0.8724,0.1128,-0.9852
628,1,-0.9387,-0.9221,0.0436,-0.9657
629,1,-0.9786,-0.9478,-0.01,-0.9378
630,1,-0.998,-0.9492,-0.047,-0.9022
631,1,-0.9967,-0.9267,-0.0669,-0.8598
632,1,-0.9745,-0.8818,-0.0697,-0.8121
633,1,-0.9321,-0.8168,-0.0558,-0.761
634,1,-0.8702,-0.7347,-0.0259,-0.7089
635,1,-0.7902,-0.6392,0.0189,-0.6581
636,1,-0.6937,-0.5345,0.0769,-0.6113
637,1,-0.5827,-0.4248,0.1463,-0.571
638,1,-0.4596,-0.3146,0.225,-0.5396
639,1,-0.3269,-0.2084,0.3105,-0.5189
640,1,-0.1874,-0.1101,0.4004,-0.5105
641,1,-0.044,-0.0236,0.4919,-0.5154
642,1,0.1004,0.0483,0.5821,-0.5338
643,1,0.2426,0.1033,0.6684,-0.5651
644,1,0.3798,0.1398,0.7479,-0.6081
645,1,0.509,0.1573,0.8181,-0.6608
646,1,0.6277,0.1561,0.8764,-0.7203
647,1,0.7333,0.1374,0.9206,-0.7832
648,1,0.8235,0.1032,0.9489,-0.8456
649,1,0.8966,0.0563,0.9594,-0.9031
650,1,0.9511,0,0.9511,-0.9511
651,1,0.9856,-0.0619,0.9229,-0.9847
652,1,0.9997,-0.1253,0.8744,-0.9996
653,1,0.9929,-0.186,0.8055,-0.9915
654,1,0.9654,-0.2401,0.7167,-0.9568
655,1,0.9178,-0.2836,0.6087,-0.8923
656,1,0.851,-0.3133,0.4829,-0.7961
657,1,0.7665,-0.3264,0.3407,-0.6671
658,1,0.666,-0.3209,0.1843,-0.5051
659,1,0.5516,-0.2956,0.0158,-0.3114
660,1,0.4258,-0.2503,-0.162,-0.0883
661,1,0.291,-0.1855,-0.3464,0.1609
662,1,0.1502,-0.1028,-0.5343,0.4315
663,1,0.0063,-0.0046,-0.7227,0.7181
664,1,-0.1378,0.1062,-0.9083,1.0145
665,1,-0.279,0.2257,-1.088,1.3137
666,1,-0.4144,0.3499,-1.2587,1.6086
667,1,-0.5411,0.4742,-1.4174,1.8916
668,1,-0.6566,0.5941,-1.5614,2.1555
669,1,-0.7584,0.7051,-1.6881,2.3932
670,1,-0.8443,0.803,-1.7954,2.5984
671,1,-0.9127,0.884,-1.8813,2.7653
672,1,-0.962,0.945,-1.9443,2.8893
673,1,-0.9913,0.9835,-1.9834,2.9669
674,1,-0.9999,0.9979,-1.9979,2.9959
675,1,-0.9877,0.9877,-1.9877,2.9754
676,1,-0.9549,0.953,-1.9529,2.9059
677,1,-0.9021,0.895,-1.8942,2.7893
678,1,-0.8306,0.8159,-1.8129,2.6288
679,1,-0.7417,0.7184,-1.7103,2.4288
680,1,-0.6374,0.6062,-1.5885,2.1947
681,1,-0.5198,0.4833,-1.4496,1.9329
682,1,-0.3914,0.3541,-1.2962,1.6503
683,1,-0.2548,0.2233,-1.1311,1.3543
684,1,-0.1129,0.0953,-0.9572,1.0525
685,1,0.0314,-0.0254,-0.7776,0.7522
686,1,0.175,-0.1349,-0.5955,0.4606
687,1,0.315,-0.2296,-0.414,0.1844
688,1,0.4484,-0.3069,-0.2362,-0.0708
689,1,0.5724,-0.3649,-0.065,-0.2999
690,1,0.6845,-0.4024,0.0968,-0.4991
691,1,0.7824,-0.4192,0.2466,-0.6658
692,1,0.8639,-0.4162,0.3822,-0.7984
693,1,0.9274,-0.3949,0.5017,-0.8966
694,1,0.9716,-0.3577,0.6035,-0.9612
695,1,0.9956,-0.3076,0.6865,-0.9942
696,1,0.9987,-0.2484,0.75,-0.9984
697,1,0.9811,-0.1838,0.7937,-0.9775
698,1,0.943,-0.1182,0.8177,-0.9358
699,1,0.8852,-0.0556,0.8224,-0.878
700,1,0.809,0,0.809,-0.809
701,1,0.7159,0.045,0.7787,-0.7338
702,1,0.6079,0.0762,0.7333,-0.6571
703,1,0.4873,0.0913,0.6746,-0.5833
704,1,0.3564,0.0886,0.6051,-0.5165
705,1,0.2181,0.0674,0.5272,-0.4598
706,1,0.0753,0.0277,0.4435,-0.4157
707,1,-0.0691,-0.0294,0.3567,-0.3861
708,1,-0.212,-0.1021,0.2697,-0.3719
709,1,-0.3505,-0.1878,0.1853,-0.3731
710,1,-0.4818,-0.2832,0.106,-0.3892
711,1,-0.6029,-0.3843,0.0345,-0.4188
712,1,-0.7115,-0.4871,-0.027,-0.4601
713,1,-0.8053,-0.587,-0.0763,-0.5107
714,1,-0.8823,-0.6798,-0.1118,-0.568
715,1,-0.9409,-0.7612,-0.1319,-0.6293
716,1,-0.9799,-0.8273,-0.1355,-0.6918
717,1,-0.9984,-0.8749,-0.1221,-0.7528
718,1,-0.9961,-0.9013,-0.0913,-0.81
719,1,-0.9731,-0.9048,-0.0433,-0.8614
720,1,-0.9298,-0.8843,0.0213,-0.9056
721,1,-0.8671,-0.8398,0.1015,-0.9413
722,1,-0.7863,-0.7724,0.196,-0.9684
723,1,-0.6891,-0.6837,0.303,-0.9867
724,1,-0.5776,-0.5764,0.4205,-0.9969
725,1,-0.454,-0.454,0.546,-1
726,1,-0.3209,-0.3203,0.6771,-0.9974
727,1,-0.1812,-0.1798,0.8109,-0.9907
728,1,-0.0377,-0.037,0.9446,-0.9816
729,1,0.1066,0.1033,1.0752,-0.9719
730,1,0.2487,0.2365,1.1997,-0.9632
731,1,0.3856,0.3585,1.3154,-0.9569
732,1,0.5144,0.4655,1.4193,-0.9538
733,1,0.6326,0.5543,1.5089,-0.9546
734,1,0.7375,0.6227,1.5818,-0.9591
735,1,0.8271,0.6691,1.6361,-0.967
736,1,0.8994,0.693,1.6699,-0.9769
737,1,0.953,0.6947,1.6819,-0.9873
738,1,0.9867,0.6754,1.6712,-0.9958
739,1,0.9998,0.6373,1.6372,-0.9999
740,1,0.9921,0.5832,1.5799,-0.9967
741,1,0.9637,0.5164,1.4996,-0.9832
742,1,0.9152,0.4409,1.397,-0.9561
743,1,0.8477,0.3609,1.2735,-0.9125
744,1,0.7624,0.2807,1.1306,-0.8499
745,1,0.6613,0.2044,0.9703,-0.766
746,1,0.5464,0.1359,0.7951,-0.6592
747,1,0.4201,0.0787,0.6075,-0.5288
748,1,0.285,0.0357,0.4104,-0.3746
749,1,0.144,0.009,0.2068,-0.1978
750,1,0,0,0,0
751,1,-0.144,0.009,-0.2068,0.2158
752,1,-0.285,0.0357,-0.4104,0.4461
753,1,-0.4201,0.0787,-0.6075,0.6862
754,1,-0.5464,0.1359,-0.7951,0.931
755,1,-0.6613,0.2044,-0.9703,1.1747
756,1,-0.7624,0.2807,-1.1306,1.4112
757,1,-0.8477,0.3609,-1.2735,1.6344
758,1,-0.9152,0.4409,-1.397,1.8379
759,1,-0.9637,0.5164,-1.4996,2.0159
760,1,-0.9921,0.5832,-1.5799,2.1631
761,1,-0.9998,0.6373,-1.6372,2.2746
762,1,-0.9867,0.6754,-1.6712,2.3467
763,1,-0.953,0.6947,-1.6819,2.3766
764,1,-0.8994,0.693,-1.6699,2.3629
765,1,-0.8271,0.6691,-1.6361,2.3052
766,1,-0.7375,0.6227,-1.5818,2.2045
767,1,-0.6326,0.5543,-1.5089,2.0632
768,1,-0.5144,0.4655,-1.4193,1.8847
769,1,-0.3856,0.3585,-1.3154,1.6739
770,1,-0.2487,0.2365,-1.1997,1.4363
771,1,-0.1066,0.1033,-1.0752,1.1785
772,1,0.0377,-0.037,-0.9446,0.9076
773,1,0.1812,-0.1798,-0.8109,0.6311
774,1,0.3209,-0.3203,-0.6771,0.3568
775,1,0.454,-0.454,-0.546,0.092
776,1,0.5776,-0.5764,-0.4205,-0.156
777,1,0.6891,-0.6837,-0.303,-0.3807
778,1,0.7863,-0.7724,-0.196,-0.5764
779,1,0.8671,-0.8398,-0.1015,-0.7383
780,1,0.9298,-0.8843,-0.0213,-0.863
781,1,0.9731,-0.9048,0.0433,-0.9481
782,1,0.9961,-0.9013,0.0913,-0.9926
783,1,0.9984,-0.8749,0.1221,-0.997
784,1,0.9799,-0.8273,0.1355,-0.9628
785,1,0.9409,-0.7612,0.1319,-0.8931
786,1,0.8823,-0.6798,0.1118,-0.7916
787,1,0.8053,-0.587,0.0763,-0.6634
788,1,0.7115,-0.4871,0.027,-0.5141
789,1,0.6029,-0.3843,-0.0345,-0.3498
790,1,0.4818,-0.2832,-0.106,-0.1771
791,1,0.3505,-0.1878,-0.1853,-0.0025
792,1,0.212,-0.1021,-0.2697,0.1676
793,1,0.0691,-0.0294,-0.3567,0.3273
794,1,-0.0753,0.0277,-0.4435,0.4712
795,1,-0.2181,0.0674,-0.5272,0.5946
796,1,-0.3564,0.0886,-0.6051,0.6937
797,1,-0.4873,0.0913,-0.6746,0.7659
798,1,-0.6079,0.0762,-0.7333,0.8095
799,1,-0.7159,0.045,-0.7787,0.8237
800,1,-0.809,0,-0.809,0.809
801,1,-0.8852,-0.0556,-0.8224,0.7669
802,1,-0.943,-0.1182,-0.8177,0.6995
803,1,-0.9811,-0.1838,-0.7937,0.6099
804,1,-0.9987,-0.2484,-0.75,0.5017
805,1,-0.9956,-0.3076,-0.6865,0.3789
806,1,-0.9716,-0.3577,-0.6035,0.2458
807,1,-0.9274,-0.3949,-0.5017,0.1068
808,1,-0.8639,-0.4162,-0.3822,-0.034
809,1,-0.7824,-0.4192,-0.2466,-0.1727
810,1,-0.6845,-0.4024,-0.0968,-0.3056
811,1,-0.5724,-0.3649,0.065,-0.4299
812,1,-0.4484,-0.3069,0.2362,-0.5431
813,1,-0.315,-0.2296,0.414,-0.6436
814,1,-0.175,-0.1349,0.5955,-0.7303
815,1,-0.0314,-0.0254,0.7776,-0.803
816,1,0.1129,0.0953,0.9572,-0.8619
817,1,0.2548,0.2233,1.1311,-0.9078
818,1,0.3914,0.3541,1.2962,-0.9421
819,1,0.5198,0.4833,1.4496,-0.9663
820,1,0.6374,0.6062,1.5885,-0.9823
821,1,0.7417,0.7184,1.7103,-0.9919
822,1,0.8306,0.8159,1.8129,-0.997
823,1,0.9021,0.895,1.8942,-0.9992
824,1,0.9549,0.953,1.9529,-0.9999
825,1,0.9877,0.9877,1.9877,-1
826,1,0.9999,0.9979,1.9979,-1
827,1,0.9913,0.9835,1.9834,-0.9999
828,1,0.962,0.945,1.9443,-0.9993
829,1,0.9127,0.884,1.8813,-0.9973
830,1,0.8443,0.803,1.7954,-0.9924
831,1,0.7584,0.7051,1.6881,-0.983
832,1,0.6566,0.5941,1.5614,-0.9673
833,1,0.5411,0.4742,1.4174,-0.9432
834,1,0.4144,0.3499,1.2587,-0.9088
835,1,0.279,0.2257,1.088,-0.8623
836,1,0.1378,0.1062,0.9083,-0.8021
837,1,-0.0063,-0.0046,0.7227,-0.7273
838,1,-0.1502,-0.1028,0.5343,-0.6372
839,1,-0.291,-0.1855,0.3464,-0.5319
840,1,-0.4258,-0.2503,0.162,-0.4123
841,1,-0.5516,-0.2956,-0.0158,-0.2798
842,1,-0.666,-0.3209,-0.1843,-0.1366
843,1,-0.7665,-0.3264,-0.3407,0.0144
844,1,-0.851,-0.3133,-0.4829,0.1696
845,1,-0.9178,-0.2836,-0.6087,0.3251
846,1,-0.9654,-0.2401,-0.7167,0.4766
847,1,-0.9929,-0.186,-0.8055,0.6195
848,1,-0.9997,-0.1253,-0.8744,0.7491
849,1,-0.9856,-0.0619,-0.9229,0.861
850,1,-0.9511,0,-0.9511,0.9511
851,1,-0.8966,0.0563,-0.9594,1.0157
852,1,-0.8235,0.1032,-0.9489,1.0521
853,1,-0.7333,0.1374,-0.9206,1.058
854,1,-0.6277,0.1561,-0.8764,1.0325
855,1,-0.509,0.1573,-0.8181,0.9754
856,1,-0.3798,0.1398,-0.7479,0.8877
857,1,-0.2426,0.1033,-0.6684,0.7717
858,1,-0.1004,0.0483,-0.5821,0.6305
859,1,0.044,-0.0236,-0.4919,0.4683
860,1,0.1874,-0.1101,-0.4004,0.2903
861,1,0.3269,-0.2084,-0.3105,0.1022
862,1,0.4596,-0.3146,-0.225,-0.0896
863,1,0.5827,-0.4248,-0.1463,-0.2785
864,1,0.6937,-0.5345,-0.0769,-0.4576
865,1,0.7902,-0.6392,-0.0189,-0.6204
866,1,0.8702,-0.7347,0.0259,-0.7606
867,1,0.9321,-0.8168,0.0558,-0.8725
868,1,0.9745,-0.8818,0.0697,-0.9515
869,1,0.9967,-0.9267,0.0669,-0.9936
870,1,0.998,-0.9492,0.047,-0.9962
871,1,0.9786,-0.9478,0.01,-0.9578
872,1,0.9387,-0.9221,-0.0436,-0.8786
873,1,0.8793,-0.8724,-0.1128,-0.7596
874,1,0.8016,-0.8,-0.1965,-0.6035
875,1,0.7071,-0.7071,-0.2929,-0.4142
876,1,0.5979,-0.5967,-0.4001,-0.1966
877,1,0.4762,-0.4725,-0.5159,0.0434
878,1,0.3446,-0.3385,-0.6376,0.2991
879,1,0.2059,-0.1994,-0.7627,0.5633
880,1,0.0628,-0.0597,-0.8883,0.8285
881,1,-0.0816,0.0759,-1.0114,1.0872
882,1,-0.2243,0.2029,-1.1291,1.332
883,1,-0.3623,0.3175,-1.2386,1.556
884,1,-0.4927,0.416,-1.3371,1.7531
885,1,-0.6129,0.4959,-1.4219,1.9178
886,1,-0.7203,0.555,-1.4908,2.0458
887,1,-0.8127,0.5924,-1.5417,2.1341
888,1,-0.8881,0.608,-1.5727,2.1807
889,1,-0.9451,0.6024,-1.5825,2.1849
890,1,-0.9823,0.5774,-1.5701,2.1474
891,1,-0.999,0.5353,-1.5349,2.0702
892,1,-0.995,0.4793,-1.4767,1.956
893,1,-0.9701,0.4131,-1.3959,1.809
894,1,-0.9251,0.3405,-1.2932,1.6337
895,1,-0.8607,0.266,-1.1698,1.4357
896,1,-0.7785,0.1936,-1.0272,1.2207
897,1,-0.68,0.1274,-0.8673,0.9947
898,1,-0.5673,0.0711,-0.6926,0.7637
899,1,-0.4428,0.0278,-0.5055,0.5333
900,1,-0.309,0,-0.309,0.309
901,1,-0.1688,-0.0106,-0.106,0.0954
902,1,-0.0251,-0.0031,0.1002,-0.1034
903,1,0.1191,0.0223,0.3065,-0.2842
904,1,0.2608,0.0649,0.5095,-0.4447
905,1,0.3971,0.1227,0.7062,-0.5834
906,1,0.5252,0.1933,0.8933,-0.7
907,1,0.6423,0.2735,1.068,-0.7946
908,1,0.7459,0.3594,1.2277,-0.8683
909,1,0.8341,0.4469,1.3699,-0.923
910,1,0.9048,0.5318,1.4926,-0.9608
911,1,0.9567,0.6098,1.5941,-0.9843
912,1,0.9887,0.6768,1.6732,-0.9964
913,1,1,0.729,1.7289,-1
914,1,0.9905,0.7632,1.761,-0.9978
915,1,0.9603,0.7769,1.7693,-0.9924
916,1,0.9101,0.7684,1.7544,-0.986
917,1,0.8409,0.7369,1.7173,-0.9803
918,1,0.7543,0.6825,1.6591,-0.9766
919,1,0.6518,0.6061,1.5816,-0.9756
920,1,0.5358,0.5096,1.4869,-0.9773
921,1,0.4086,0.3958,1.3772,-0.9814
922,1,0.273,0.2681,1.2552,-0.9871
923,1,0.1316,0.1305,1.1237,-0.9932
924,1,-0.0126,-0.0125,0.9855,-0.998
925,1,-0.1564,-0.1564,0.8436,-1
926,1,-0.297,-0.2965,0.701,-0.9974
927,1,-0.4315,-0.4281,0.5607,-0.9887
928,1,-0.5569,-0.547,0.4254,-0.9724
929,1,-0.6707,-0.6496,0.2979,-0.9475
930,1,-0.7705,-0.7328,0.1805,-0.9133
931,1,-0.8543,-0.7943,0.0755,-0.8698
932,1,-0.9202,-0.8327,-0.0154,-0.8172
933,1,-0.967,-0.8474,-0.0907,-0.7567
934,1,-0.9936,-0.8389,-0.1493,-0.6897
935,1,-0.9995,-0.8086,-0.1905,-0.6181
936,1,-0.9846,-0.7586,-0.2141,-0.5446
937,1,-0.9491,-0.6919,-0.2201,-0.4717
938,1,-0.8938,-0.6119,-0.2093,-0.4026
939,1,-0.82,-0.5227,-0.1825,-0.3401
940,1,-0.729,-0.4285,-0.1412,-0.2873
941,1,-0.6228,-0.3337,-0.087,-0.2467
942,1,-0.5036,-0.2426,-0.0219,-0.2208
943,1,-0.374,-0.1592,0.0518,-0.211
944,1,-0.2365,-0.0871,0.1316,-0.2187
945,1,-0.0941,-0.0291,0.2149,-0.244
946,1,0.0502,0.0125,0.2989,-0.2864
947,1,0.1935,0.0363,0.3809,-0.3447
948,1,0.3328,0.0417,0.4582,-0.4164
949,1,0.4652,0.0292,0.5279,-0.4987
950,1,0.5878,0,0.5878,-0.5878
951,1,0.6982,-0.0438,0.6354,-0.6792
952,1,0.794,-0.0995,0.6687,-0.7682
953,1,0.8733,-0.1636,0.6859,-0.8495
954,1,0.9343,-0.2324,0.6856,-0.918
955,1,0.9759,-0.3016,0.6669,-0.9685
956,1,0.9972,-0.3671,0.629,-0.9961
957,1,0.9976,-0.4248,0.5718,-0.9966
958,1,0.9773,-0.4708,0.4955,-0.9663
959,1,0.9365,-0.5018,0.4007,-0.9026
960,1,0.8763,-0.5151,0.2885,-0.8036
961,1,0.7978,-0.5085,0.1604,-0.6689
962,1,0.7026,-0.481,0.0181,-0.4991
963,1,0.5929,-0.4322,-0.1361,-0.2961
964,1,0.4707,-0.3627,-0.2998,-0.0629
965,1,0.3387,-0.274,-0.4703,0.1962
966,1,0.1997,-0.1686,-0.6446,0.476
967,1,0.0565,-0.0495,-0.8198,0.7703
968,1,-0.0879,0.0795,-0.9927,1.0722
969,1,-0.2304,0.2142,-1.1602,1.3744
970,1,-0.3681,0.3501,-1.3192,1.6693
971,1,-0.4982,0.4825,-1.4668,1.9493
972,1,-0.6179,0.6069,-1.6001,2.2071
973,1,-0.7247,0.7189,-1.7168,2.4357
974,1,-0.8163,0.8147,-1.8144,2.6291
975,1,-0.891,0.891,-1.891,2.782
976,1,-0.9471,0.9452,-1.9451,2.8904
977,1,-0.9834,0.9757,-1.9756,2.9513
978,1,-0.9993,0.9816,-1.9816,2.9632
979,1,-0.9943,0.9631,-1.9629,2.9259
980,1,-0.9686,0.9212,-1.9196,2.8408
981,1,-0.9227,0.8579,-1.8524,2.7103
982,1,-0.8575,0.7759,-1.7624,2.5383
983,1,-0.7745,0.6787,-1.6508,2.3295
984,1,-0.6753,0.5702,-1.5197,2.0899
985,1,-0.5621,0.4547,-1.3711,1.8258
986,1,-0.4371,0.3368,-1.2076,1.5444
987,1,-0.303,0.2209,-1.032,1.2529
988,1,-0.1626,0.1113,-0.8472,0.9585
989,1,-0.0188,0.012,-0.6563,0.6683
990,1,0.1253,-0.0737,-0.4625,0.3888
991,1,0.2669,-0.143,-0.2689,0.1259
992,1,0.4029,-0.1941,-0.0788,-0.1153
993,1,0.5305,-0.2259,0.1047,-0.3306
994,1,0.6471,-0.2382,0.2789,-0.5171
995,1,0.7501,-0.2318,0.4411,-0.6729
996,1,0.8375,-0.2083,0.5888,-0.7971
997,1,0.9075,-0.17,0.7201,-0.8901
998,1,0.9585,-0.1201,0.8332,-0.9533
999,1,0.9896,-0.0621,0.9268,-0.9889
1000,1,1,0,1,-1
